{"inputUnits":[63],"outputUnits":3,"inputs":{"0":{"dtype":"number","min":0.17145118117332458,"max":0.861622154712677},"1":{"dtype":"number","min":0.5785332322120667,"max":1.1271049976348877},"2":{"dtype":"number","min":-6.280083084675425e-7,"max":7.875527785472514e-7},"3":{"dtype":"number","min":0.2180507928133011,"max":0.8308441638946533},"4":{"dtype":"number","min":0.5486617088317871,"max":1.0696918964385986},"5":{"dtype":"number","min":-0.05172015354037285,"max":0.013676400296390057},"6":{"dtype":"number","min":0.2003142535686493,"max":0.8861422538757324},"7":{"dtype":"number","min":0.4622077941894531,"max":0.9907675981521606},"8":{"dtype":"number","min":-0.09048950672149658,"max":0.014842255972325802},"9":{"dtype":"number","min":0.1864049732685089,"max":0.9168512225151062},"10":{"dtype":"number","min":0.3734661042690277,"max":0.9103939533233643},"11":{"dtype":"number","min":-0.1279582530260086,"max":0.012055833823978901},"12":{"dtype":"number","min":0.159555122256279,"max":0.9080235362052917},"13":{"dtype":"number","min":0.30464720726013184,"max":0.8717503547668457},"14":{"dtype":"number","min":-0.1641540676355362,"max":0.016092408448457718},"15":{"dtype":"number","min":0.21578063070774078,"max":0.8174765706062317},"16":{"dtype":"number","min":0.36441296339035034,"max":0.905941367149353},"17":{"dtype":"number","min":-0.058776672929525375,"max":0.05380682274699211},"18":{"dtype":"number","min":0.21234560012817383,"max":0.8312680721282959},"19":{"dtype":"number","min":0.2538186311721802,"max":0.8018956184387207},"20":{"dtype":"number","min":-0.10443652421236038,"max":0.05583202466368675},"21":{"dtype":"number","min":0.20731933414936066,"max":0.8444803953170776},"22":{"dtype":"number","min":0.18867512047290802,"max":0.8342317342758179},"23":{"dtype":"number","min":-0.1274048089981079,"max":0.04383965581655502},"24":{"dtype":"number","min":0.20207414031028748,"max":0.8603522777557373},"25":{"dtype":"number","min":0.12629666924476624,"max":0.8826522827148438},"26":{"dtype":"number","min":-0.1421266496181488,"max":0.031450189650058746},"27":{"dtype":"number","min":0.1719999462366104,"max":0.8683773279190063},"28":{"dtype":"number","min":0.3695991337299347,"max":0.9004431962966919},"29":{"dtype":"number","min":-0.05933012440800667,"max":0.05003438889980316},"30":{"dtype":"number","min":0.1584904044866562,"max":0.9014084339141846},"31":{"dtype":"number","min":0.26932594180107117,"max":0.8037473559379578},"32":{"dtype":"number","min":-0.12563374638557434,"max":0.052416976541280746},"33":{"dtype":"number","min":0.16696853935718536,"max":0.8768944144248962},"34":{"dtype":"number","min":0.1957760453224182,"max":0.921840250492096},"35":{"dtype":"number","min":-0.1357065886259079,"max":0.03536160662770271},"36":{"dtype":"number","min":0.17604129016399384,"max":0.8591211438179016},"37":{"dtype":"number","min":0.13170790672302246,"max":0.9681859612464905},"38":{"dtype":"number","min":-0.12629790604114532,"max":0.0197258610278368},"39":{"dtype":"number","min":0.13523966073989868,"max":0.9121019244194031},"40":{"dtype":"number","min":0.38506072759628296,"max":0.9065349102020264},"41":{"dtype":"number","min":-0.06525207310914993,"max":0.040325332432985306},"42":{"dtype":"number","min":0.12012499570846558,"max":0.9381668567657471},"43":{"dtype":"number","min":0.33114752173423767,"max":0.8823339343070984},"44":{"dtype":"number","min":-0.12729412317276,"max":0.03627493232488632},"45":{"dtype":"number","min":0.14086344838142395,"max":0.9042434096336365},"46":{"dtype":"number","min":0.30168408155441284,"max":0.9761590361595154},"47":{"dtype":"number","min":-0.11240623891353607,"max":0.024274298921227455},"48":{"dtype":"number","min":0.15525516867637634,"max":0.884634256362915},"49":{"dtype":"number","min":0.28116583824157715,"max":1.0038492679595947},"50":{"dtype":"number","min":-0.08711345493793488,"max":0.01675226353108883},"51":{"dtype":"number","min":0.10374705493450165,"max":0.9464688897132874},"52":{"dtype":"number","min":0.3949456810951233,"max":0.9284038543701172},"53":{"dtype":"number","min":-0.07637646794319153,"max":0.02916911616921425},"54":{"dtype":"number","min":0.09236057847738266,"max":0.9631997346878052},"55":{"dtype":"number","min":0.3412275016307831,"max":0.9272938966751099},"56":{"dtype":"number","min":-0.11522884666919708,"max":0.028749559074640274},"57":{"dtype":"number","min":0.11093708127737045,"max":0.9328587055206299},"58":{"dtype":"number","min":0.3096482455730438,"max":0.9952411651611328},"59":{"dtype":"number","min":-0.1031082272529602,"max":0.02900928631424904},"60":{"dtype":"number","min":0.125014066696167,"max":0.9133286476135254},"61":{"dtype":"number","min":0.28279757499694824,"max":1.0115129947662354},"62":{"dtype":"number","min":-0.08329463005065918,"max":0.028310028836131096}},"outputs":{"class":{"dtype":"string","min":0,"max":1,"uniqueValues":["1","2","None"],"legend":{"1":[1,0,0],"2":[0,1,0],"None":[0,0,1]}}},"isNormalized":true}