{"inputUnits":[63],"outputUnits":2,"inputs":{"0":{"dtype":"number","min":0.2165527045726776,"max":0.9189968109130859},"1":{"dtype":"number","min":0.6233605146408081,"max":0.9514121413230896},"2":{"dtype":"number","min":5.020712023906526e-8,"max":4.7535385760966165e-7},"3":{"dtype":"number","min":0.2728881239891052,"max":0.8683599233627319},"4":{"dtype":"number","min":0.5734997391700745,"max":0.8840585947036743},"5":{"dtype":"number","min":-0.0426139198243618,"max":-0.009953124448657036},"6":{"dtype":"number","min":0.289776474237442,"max":0.8535966277122498},"7":{"dtype":"number","min":0.4812059700489044,"max":0.7704068422317505},"8":{"dtype":"number","min":-0.05759234353899956,"max":-0.013079036958515644},"9":{"dtype":"number","min":0.293785035610199,"max":0.8672492504119873},"10":{"dtype":"number","min":0.3936636447906494,"max":0.6732121706008911},"11":{"dtype":"number","min":-0.07183834165334702,"max":-0.018025169149041176},"12":{"dtype":"number","min":0.3009149432182312,"max":0.8605659008026123},"13":{"dtype":"number","min":0.33297210931777954,"max":0.6022178530693054},"14":{"dtype":"number","min":-0.08471549302339554,"max":-0.021366853266954422},"15":{"dtype":"number","min":0.22949786484241486,"max":0.8905673623085022},"16":{"dtype":"number","min":0.39000391960144043,"max":0.6566241383552551},"17":{"dtype":"number","min":-0.034651730209589005,"max":0.012749478220939636},"18":{"dtype":"number","min":0.2074853628873825,"max":0.9024541974067688},"19":{"dtype":"number","min":0.29725539684295654,"max":0.5524521470069885},"20":{"dtype":"number","min":-0.06296627968549728,"max":-0.0005117930704727769},"21":{"dtype":"number","min":0.15559956431388855,"max":0.9177418947219849},"22":{"dtype":"number","min":0.24262027442455292,"max":0.5409008860588074},"23":{"dtype":"number","min":-0.07832761108875275,"max":-0.0158364437520504},"24":{"dtype":"number","min":0.107718825340271,"max":0.933846116065979},"25":{"dtype":"number","min":0.18322917819023132,"max":0.5386751890182495},"26":{"dtype":"number","min":-0.08897408843040466,"max":-0.019264468923211098},"27":{"dtype":"number","min":0.18306660652160645,"max":0.9288636445999146},"28":{"dtype":"number","min":0.3788517713546753,"max":0.6556941270828247},"29":{"dtype":"number","min":-0.03282662108540535,"max":0.010083260014653206},"30":{"dtype":"number","min":0.1507086455821991,"max":0.9447818994522095},"31":{"dtype":"number","min":0.27686259150505066,"max":0.5666085481643677},"32":{"dtype":"number","min":-0.08537455648183823,"max":0.0020471722818911076},"33":{"dtype":"number","min":0.12809833884239197,"max":0.9614461660385132},"34":{"dtype":"number","min":0.2176586389541626,"max":0.5616929531097412},"35":{"dtype":"number","min":-0.10164845734834671,"max":-0.010220483876764774},"36":{"dtype":"number","min":0.10919344425201416,"max":0.9770240783691406},"37":{"dtype":"number","min":0.1626826524734497,"max":0.5786534547805786},"38":{"dtype":"number","min":-0.09890032559633255,"max":-0.01736125908792019},"39":{"dtype":"number","min":0.14479802548885345,"max":0.9593421220779419},"40":{"dtype":"number","min":0.38523975014686584,"max":0.678884744644165},"41":{"dtype":"number","min":-0.03550971671938896,"max":0.0017016581259667873},"42":{"dtype":"number","min":0.11448073387145996,"max":0.9775358438491821},"43":{"dtype":"number","min":0.2883898615837097,"max":0.6401412487030029},"44":{"dtype":"number","min":-0.09161034971475601,"max":-0.007141486741602421},"45":{"dtype":"number","min":0.0969945639371872,"max":0.9925991892814636},"46":{"dtype":"number","min":0.23000319302082062,"max":0.6636407971382141},"47":{"dtype":"number","min":-0.08866990357637405,"max":-0.013478299602866173},"48":{"dtype":"number","min":0.08326206356287003,"max":1.007245659828186},"49":{"dtype":"number","min":0.17779983580112457,"max":0.687205970287323},"50":{"dtype":"number","min":-0.08802103996276855,"max":-0.018911149352788925},"51":{"dtype":"number","min":0.11005721241235733,"max":0.9915321469306946},"52":{"dtype":"number","min":0.40488895773887634,"max":0.7356284856796265},"53":{"dtype":"number","min":-0.04576503112912178,"max":-0.0051436591893434525},"54":{"dtype":"number","min":0.07422393560409546,"max":1.0062423944473267},"55":{"dtype":"number","min":0.3273463547229767,"max":0.7158932685852051},"56":{"dtype":"number","min":-0.08136946707963943,"max":-0.016529357060790062},"57":{"dtype":"number","min":0.04505161941051483,"max":1.0170252323150635},"58":{"dtype":"number","min":0.27894967794418335,"max":0.742142915725708},"59":{"dtype":"number","min":-0.08464442193508148,"max":-0.01675744540989399},"60":{"dtype":"number","min":0.019934147596359253,"max":1.0254110097885132},"61":{"dtype":"number","min":0.23440007865428925,"max":0.7578315138816833},"62":{"dtype":"number","min":-0.09535142034292221,"max":-0.0169532373547554}},"outputs":{"class":{"dtype":"string","min":0,"max":1,"uniqueValues":["Left","Right"],"legend":{"Left":[1,0],"Right":[0,1]}}},"isNormalized":true}